band,beak depth (mm),beak length (mm),species,year
20123,8.05,9.25,fortis,1973
20126,10.45,11.35,fortis,1973
20128,9.55,10.15,fortis,1973
20129,8.75,9.95,fortis,1973
20133,10.15,11.55,fortis,1973
20136,9.85,11.15,fortis,1973
20138,8.85,10.05,fortis,1973
20142,10.15,11.25,fortis,1973
20143,8.15,9.15,fortis,1973
20146,8.55,9.25,fortis,1973
20149,10.65,11.75,fortis,1973
20150,8.05,9.05,fortis,1973
20152,9.75,11.15,fortis,1973
20155,10.15,11.25,fortis,1973
20156,9.85,10.45,fortis,1973
20157,9.75,10.65,fortis,1973
20163,8.35,10.05,fortis,1973
20164,8.55,10.45,fortis,1973
20169,10.25,11.45,fortis,1973
20172,9.35,11.15,fortis,1973
20174,10.15,10.95,fortis,1973
20176,8.55,9.55,fortis,1973
20177,8.85,10.65,fortis,1973
20178,9.85,10.05,fortis,1973
20181,10.75,11.25,fortis,1973
20183,9.85,10.85,fortis,1973
20203,8.45,10.05,fortis,1973
20206,10.55,11.95,fortis,1973
20211,8.35,9.85,fortis,1973
20215,8.25,9.35,fortis,1973
20217,10.95,12.05,fortis,1973
20218,9.15,10.35,fortis,1973
20219,8.85,10.65,fortis,1973
20221,10.05,10.95,fortis,1973
20229,9.55,10.25,fortis,1973
20230,12.15,12.65,fortis,1973
20233,9.55,10.65,fortis,1973
20235,9.75,10.75,fortis,1973
20239,9.25,10.15,fortis,1973
20243,9.05,10.25,fortis,1973
20244,8.45,10.35,fortis,1973
20246,9.55,10.55,fortis,1973
20247,9.95,10.95,fortis,1973
20249,10.65,11.65,fortis,1973
20250,7.95,9.85,fortis,1973
20253,10.65,11.15,fortis,1973
20256,9.15,10.05,fortis,1973
20258,10.05,11.15,fortis,1973
20263,9.75,10.95,fortis,1973
20268,10.05,11.05,fortis,1973
20269,9.65,10.65,fortis,1973
20271,9.45,10.85,fortis,1973
20272,10.75,11.05,fortis,1973
20275,9.85,11.05,fortis,1973
20276,11.15,11.55,fortis,1973
20277,10.85,11.25,fortis,1973
20278,8.55,10.25,fortis,1973
20282,10.25,11.05,fortis,1973
20292,8.35,9.95,fortis,1973
20296,9.15,10.65,fortis,1973
20299,9.35,9.95,fortis,1973
20301,10.15,11.05,fortis,1973
20302,9.75,10.75,fortis,1973
20306,10.75,11.75,fortis,1973
20307,9.35,10.25,fortis,1973
20308,8.65,9.45,fortis,1973
20309,10.35,11.85,fortis,1973
20310,10.55,10.95,fortis,1973
20313,9.45,10.35,fortis,1973
20317,8.85,10.15,fortis,1973
20318,9.45,10.45,fortis,1973
20320,9.85,11.35,fortis,1973
20324,9.15,9.85,fortis,1973
20121,9.35,15.15,scandens,1973
20125,9.75,15.05,scandens,1973
20135,8.35,14.45,scandens,1973
20159,9.55,14.05,scandens,1973
20160,8.55,14.25,scandens,1973
20175,9.85,14.65,scandens,1973
20182,10.65,15.45,scandens,1973
20187,9.55,15.15,scandens,1973
20200,9.85,14.95,scandens,1973
20207,9.75,13.65,scandens,1973
20220,7.95,14.65,scandens,1973
20224,9.95,15.65,scandens,1973
20245,9.55,14.05,scandens,1973
20254,9.15,13.85,scandens,1973
20259,10.45,14.95,scandens,1973
20274,9.15,13.15,scandens,1973
2,8.0,9.4,fortis,1975
9,8.3,9.2,fortis,1975
12,7.5,9.5,fortis,1975
15,8.0,9.5,fortis,1975
305,9.9,11.5,fortis,1975
307,8.6,11.1,fortis,1975
308,8.4,9.9,fortis,1975
309,9.8,11.5,fortis,1975
311,9.2,10.8,fortis,1975
312,9.0,11.3,fortis,1975
313,9.5,11.5,fortis,1975
314,8.9,11.5,fortis,1975
315,8.8,9.7,fortis,1975
316,9.7,10.9,fortis,1975
320,8.9,10.1,fortis,1975
321,8.5,10.6,fortis,1975
323,8.2,9.6,fortis,1975
324,9.3,10.3,fortis,1975
326,9.1,10.5,fortis,1975
328,8.8,10.5,fortis,1975
329,9.4,10.9,fortis,1975
330,9.6,11.2,fortis,1975
340,8.5,9.4,fortis,1975
341,8.1,10.1,fortis,1975
342,8.0,9.6,fortis,1975
343,9.7,10.5,fortis,1975
344,8.2,9.9,fortis,1975
345,8.4,9.9,fortis,1975
346,7.9,9.6,fortis,1975
347,9.3,10.7,fortis,1975
348,10.5,11.8,fortis,1975
349,9.7,10.2,fortis,1975
350,9.6,10.9,fortis,1975
352,7.7,9.3,fortis,1975
354,9.8,11.6,fortis,1975
355,9.8,11.2,fortis,1975
356,8.5,10.1,fortis,1975
360,9.2,10.7,fortis,1975
366,10.1,11.0,fortis,1975
368,9.0,10.8,fortis,1975
369,9.0,10.2,fortis,1975
401,9.4,10.8,fortis,1975
402,8.8,10.4,fortis,1975
403,9.9,11.2,fortis,1975
405,9.9,11.4,fortis,1975
410,8.9,10.9,fortis,1975
411,9.4,10.4,fortis,1975
413,8.2,9.7,fortis,1975
414,8.2,10.2,fortis,1975
415,8.1,9.2,fortis,1975
416,8.4,10.1,fortis,1975
417,10.1,11.0,fortis,1975
418,8.6,10.3,fortis,1975
419,8.5,10.2,fortis,1975
420,9.7,11.0,fortis,1975
422,10.3,11.0,fortis,1975
423,8.6,10.1,fortis,1975
424,9.3,10.7,fortis,1975
425,8.9,10.7,fortis,1975
426,9.7,11.0,fortis,1975
427,10.2,12.0,fortis,1975
428,10.2,11.6,fortis,1975
450,8.5,9.9,fortis,1975
451,8.8,10.8,fortis,1975
452,8.9,10.5,fortis,1975
453,8.7,10.0,fortis,1975
454,9.3,9.6,fortis,1975
455,9.7,11.0,fortis,1975
456,9.6,10.2,fortis,1975
457,7.85,9.7,fortis,1975
458,9.6,11.1,fortis,1975
459,9.3,10.4,fortis,1975
461,9.8,11.1,fortis,1975
462,8.8,10.2,fortis,1975
463,9.1,10.3,fortis,1975
465,9.0,9.9,fortis,1975
466,10.4,11.0,fortis,1975
468,9.0,10.8,fortis,1975
473,9.5,10.5,fortis,1975
474,8.7,10.5,fortis,1975
475,9.6,11.2,fortis,1975
476,9.4,11.2,fortis,1975
477,9.5,11.7,fortis,1975
479,8.6,10.5,fortis,1975
501,9.9,10.5,fortis,1975
502,9.4,11.2,fortis,1975
503,9.1,10.0,fortis,1975
504,8.6,10.4,fortis,1975
505,9.3,10.8,fortis,1975
506,9.2,11.1,fortis,1975
507,8.8,10.3,fortis,1975
509,9.2,11.1,fortis,1975
510,8.3,9.8,fortis,1975
511,8.8,10.5,fortis,1975
512,9.4,11.0,fortis,1975
513,10.4,11.2,fortis,1975
514,8.5,9.8,fortis,1975
515,7.9,9.8,fortis,1975
516,7.9,9.8,fortis,1975
517,10.1,10.3,fortis,1975
518,9.8,11.3,fortis,1975
519,8.3,10.0,fortis,1975
520,9.4,11.1,fortis,1975
521,9.0,10.0,fortis,1975
522,8.4,10.3,fortis,1975
524,8.7,10.2,fortis,1975
526,9.2,10.4,fortis,1975
527,9.5,11.0,fortis,1975
528,10.1,11.5,fortis,1975
529,9.8,11.8,fortis,1975
560,8.5,10.2,fortis,1975
561,10.2,11.7,fortis,1975
563,8.6,10.1,fortis,1975
564,9.3,10.2,fortis,1975
565,8.7,9.8,fortis,1975
566,8.9,10.6,fortis,1975
567,8.4,10.0,fortis,1975
572,10.3,12.1,fortis,1975
574,9.9,11.1,fortis,1975
576,8.9,10.5,fortis,1975
578,9.1,10.0,fortis,1975
579,8.6,10.2,fortis,1975
601,7.8,9.7,fortis,1975
602,8.6,10.0,fortis,1975
603,9.5,10.7,fortis,1975
604,9.5,11.0,fortis,1975
605,10.2,10.9,fortis,1975
606,9.1,10.5,fortis,1975
607,9.7,10.9,fortis,1975
608,9.4,10.7,fortis,1975
609,10.5,11.9,fortis,1975
610,9.0,10.2,fortis,1975
611,9.8,10.5,fortis,1975
615,10.0,11.2,fortis,1975
616,9.6,10.7,fortis,1975
617,9.6,10.3,fortis,1975
618,9.9,11.6,fortis,1975
619,9.3,10.5,fortis,1975
620,9.6,10.9,fortis,1975
621,7.6,9.8,fortis,1975
622,9.2,10.9,fortis,1975
623,8.8,10.3,fortis,1975
624,10.1,11.7,fortis,1975
625,8.9,11.0,fortis,1975
626,9.5,9.8,fortis,1975
627,8.2,10.4,fortis,1975
628,9.7,10.8,fortis,1975
629,9.8,11.0,fortis,1975
670,9.3,10.6,fortis,1975
671,9.8,11.3,fortis,1975
672,8.8,10.1,fortis,1975
673,10.1,11.4,fortis,1975
674,10.5,11.8,fortis,1975
675,8.6,9.9,fortis,1975
676,9.7,11.0,fortis,1975
677,10.0,10.8,fortis,1975
678,9.7,11.3,fortis,1975
679,10.5,11.1,fortis,1975
680,10.4,11.0,fortis,1975
681,9.2,10.4,fortis,1975
682,8.1,9.1,fortis,1975
683,9.4,10.8,fortis,1975
684,8.9,10.6,fortis,1975
685,8.2,8.7,fortis,1975
686,9.3,10.7,fortis,1975
687,8.6,10.3,fortis,1975
688,9.0,10.5,fortis,1975
689,7.6,9.1,fortis,1975
701,8.7,9.5,fortis,1975
702,9.8,10.8,fortis,1975
703,9.4,10.6,fortis,1975
704,9.9,9.9,fortis,1975
705,10.1,11.5,fortis,1975
706,9.8,11.2,fortis,1975
707,7.9,9.7,fortis,1975
708,10.8,12.2,fortis,1975
709,7.9,9.2,fortis,1975
710,10.0,10.5,fortis,1975
711,8.4,10.5,fortis,1975
712,9.5,10.8,fortis,1975
713,8.8,10.7,fortis,1975
714,10.4,11.8,fortis,1975
715,8.1,9.1,fortis,1975
716,9.8,10.1,fortis,1975
717,8.2,10.0,fortis,1975
719,9.5,11.0,fortis,1975
720,10.5,12.2,fortis,1975
721,9.7,11.4,fortis,1975
723,9.6,10.9,fortis,1975
725,9.6,10.6,fortis,1975
726,7.9,9.3,fortis,1975
780,10.1,10.9,fortis,1975
781,9.3,10.6,fortis,1975
785,10.3,11.0,fortis,1975
786,7.9,9.0,fortis,1975
787,9.1,11.0,fortis,1975
788,8.9,10.4,fortis,1975
789,8.3,10.4,fortis,1975
790,9.4,9.6,fortis,1975
801,9.5,10.6,fortis,1975
802,8.5,10.1,fortis,1975
803,8.6,9.7,fortis,1975
804,8.5,9.6,fortis,1975
805,8.2,10.1,fortis,1975
807,7.9,9.9,fortis,1975
808,10.0,11.0,fortis,1975
809,9.4,10.9,fortis,1975
810,8.0,9.7,fortis,1975
811,8.6,10.0,fortis,1975
812,9.0,10.4,fortis,1975
813,9.9,11.6,fortis,1975
814,8.0,9.6,fortis,1975
815,9.6,10.8,fortis,1975
817,9.2,10.9,fortis,1975
818,9.0,10.2,fortis,1975
819,9.2,10.4,fortis,1975
820,9.5,11.0,fortis,1975
821,9.2,10.7,fortis,1975
822,9.7,11.1,fortis,1975
823,9.1,10.8,fortis,1975
824,9.4,10.9,fortis,1975
825,8.6,9.9,fortis,1975
826,9.8,11.8,fortis,1975
827,8.0,9.7,fortis,1975
828,10.4,11.9,fortis,1975
829,8.1,9.6,fortis,1975
830,9.9,10.9,fortis,1975
831,8.6,10.2,fortis,1975
891,8.0,9.9,fortis,1975
892,9.0,11.3,fortis,1975
893,9.7,10.9,fortis,1975
894,8.1,9.8,fortis,1975
895,8.8,10.3,fortis,1975
896,7.5,8.8,fortis,1975
897,10.2,11.6,fortis,1975
898,8.2,9.9,fortis,1975
899,8.6,9.9,fortis,1975
900,8.7,9.9,fortis,1975
902,8.6,10.4,fortis,1975
903,9.9,11.2,fortis,1975
904,9.5,10.8,fortis,1975
905,8.4,9.9,fortis,1975
906,8.7,9.9,fortis,1975
907,8.2,10.2,fortis,1975
908,9.2,10.4,fortis,1975
909,8.2,9.4,fortis,1975
910,9.2,10.2,fortis,1975
911,9.3,11.0,fortis,1975
912,8.9,10.6,fortis,1975
913,9.0,10.5,fortis,1975
914,9.1,10.4,fortis,1975
915,8.8,10.2,fortis,1975
917,8.8,10.2,fortis,1975
919,9.6,11.0,fortis,1975
921,10.2,11.1,fortis,1975
922,8.2,9.7,fortis,1975
923,8.9,10.5,fortis,1975
924,9.0,10.9,fortis,1975
925,8.8,10.7,fortis,1975
926,9.9,11.0,fortis,1975
927,9.3,10.9,fortis,1975
928,9.9,11.2,fortis,1975
929,9.5,11.5,fortis,1975
930,10.0,10.8,fortis,1975
931,8.9,10.2,fortis,1975
932,9.8,11.0,fortis,1975
933,9.9,10.9,fortis,1975
934,8.7,10.5,fortis,1975
936,9.2,10.8,fortis,1975
941,8.2,9.8,fortis,1975
942,7.9,9.7,fortis,1975
943,9.1,10.3,fortis,1975
944,8.3,10.3,fortis,1975
945,10.8,11.6,fortis,1975
951,9.9,10.9,fortis,1975
952,9.0,10.6,fortis,1975
954,9.3,11.5,fortis,1975
991,9.6,10.8,fortis,1975
1040,9.3,10.83,fortis,1975
1368,10.2,11.73,fortis,1975
1420,8.6,10.23,fortis,1975
1433,10.98,11.83,fortis,1975
1560,10.28,11.43,fortis,1975
1581,9.6,10.73,fortis,1975
1770,9.28,10.33,fortis,1975
1857,9.5,10.23,fortis,1975
1860,9.4,11.53,fortis,1975
1884,9.15,11.03,fortis,1975
2102,9.8,11.73,fortis,1975
2105,9.35,10.53,fortis,1975
2220,8.5,9.93,fortis,1975
2381,10.5,11.23,fortis,1975
2482,8.5,9.83,fortis,1975
2939,8.31,9.63,fortis,1975
2955,9.9,10.6,fortis,1975
2974,10.36,11.88,fortis,1975
3642,10.28,11.03,fortis,1975
8016,8.9,10.73,fortis,1975
8020,8.7,10.13,fortis,1975
20139,9.15,10.15,fortis,1975
20165,10.35,10.85,fortis,1975
20166,8.85,10.95,fortis,1975
20168,8.55,9.85,fortis,1975
20204,8.95,10.25,fortis,1975
20238,10.75,11.75,fortis,1975
20267,10.05,10.95,fortis,1975
20273,10.15,10.95,fortis,1975
20283,8.45,10.55,fortis,1975
20285,8.85,9.65,fortis,1975
20286,10.25,11.45,fortis,1975
20293,9.75,10.25,fortis,1975
20298,8.95,10.05,fortis,1975
302,8.4,13.9,scandens,1975
304,8.8,14.0,scandens,1975
306,8.4,12.9,scandens,1975
310,8.0,13.5,scandens,1975
317,7.9,12.9,scandens,1975
318,8.9,14.6,scandens,1975
319,8.6,13.0,scandens,1975
322,8.5,14.2,scandens,1975
325,8.9,14.0,scandens,1975
327,9.1,14.2,scandens,1975
351,8.6,13.1,scandens,1975
353,9.8,15.1,scandens,1975
357,8.2,13.5,scandens,1975
358,9.0,14.4,scandens,1975
359,9.7,14.9,scandens,1975
361,8.6,12.9,scandens,1975
362,8.2,13.0,scandens,1975
363,9.0,14.9,scandens,1975
364,8.4,14.0,scandens,1975
365,8.6,13.8,scandens,1975
367,8.9,13.0,scandens,1975
404,9.1,14.75,scandens,1975
406,8.3,13.7,scandens,1975
407,8.7,13.8,scandens,1975
408,9.6,14.0,scandens,1975
409,8.5,14.6,scandens,1975
412,9.1,15.2,scandens,1975
421,9.0,13.5,scandens,1975
429,9.2,15.1,scandens,1975
460,9.9,15.0,scandens,1975
464,8.6,12.8,scandens,1975
467,9.2,14.9,scandens,1975
469,8.4,15.3,scandens,1975
470,8.9,13.4,scandens,1975
471,8.5,14.2,scandens,1975
472,10.4,15.1,scandens,1975
478,9.6,15.1,scandens,1975
508,9.1,14.0,scandens,1975
523,9.3,13.6,scandens,1975
525,9.3,14.0,scandens,1975
562,8.8,14.0,scandens,1975
568,8.3,13.9,scandens,1975
569,8.8,14.0,scandens,1975
570,9.1,14.9,scandens,1975
571,10.1,15.6,scandens,1975
573,8.9,13.8,scandens,1975
575,9.2,14.4,scandens,1975
577,8.5,12.8,scandens,1975
612,10.2,14.2,scandens,1975
613,10.1,13.4,scandens,1975
614,9.2,14.0,scandens,1975
718,9.7,14.8,scandens,1975
722,9.1,14.2,scandens,1975
724,8.5,13.5,scandens,1975
727,8.2,13.4,scandens,1975
728,9.0,14.6,scandens,1975
729,9.3,13.5,scandens,1975
782,8.0,13.7,scandens,1975
783,9.1,13.9,scandens,1975
784,8.1,13.1,scandens,1975
806,8.3,13.4,scandens,1975
816,8.7,13.8,scandens,1975
890,8.8,13.6,scandens,1975
901,8.6,14.0,scandens,1975
916,8.7,13.5,scandens,1975
918,8.0,12.8,scandens,1975
920,8.8,14.0,scandens,1975
935,9.0,13.4,scandens,1975
953,9.1,14.9,scandens,1975
1014,9.74,15.54,scandens,1975
1642,9.1,14.63,scandens,1975
1748,9.8,14.73,scandens,1975
1841,10.4,15.73,scandens,1975
1842,8.3,14.83,scandens,1975
2084,9.44,15.94,scandens,1975
2397,9.04,15.14,scandens,1975
8110,9.0,14.23,scandens,1975
20122,9.05,14.15,scandens,1975
20151,9.65,14.35,scandens,1975
20188,9.45,14.95,scandens,1975
20210,8.65,13.95,scandens,1975
20223,9.45,14.05,scandens,1975
20225,9.45,14.55,scandens,1975
20252,9.05,14.05,scandens,1975
20255,8.75,14.45,scandens,1975
20266,9.45,15.05,scandens,1975
20279,8.35,13.25,scandens,1975
14613,7.0,9.1,fortis,1987
15487,7.12,9.14,fortis,1987
15187,7.21,9.24,fortis,1987
15284,7.3,9.2,fortis,1987
14983,7.32,8.83,fortis,1987
14913,7.41,9.14,fortis,1987
15726,7.42,9.04,fortis,1987
15821,7.43,10.56,fortis,1987
15484,7.45,9.7,fortis,1987
4968,7.5,9.25,fortis,1987
15695,7.5,9.5,fortis,1987
15272,7.51,9.34,fortis,1987
15256,7.51,9.64,fortis,1987
13907,7.64,9.04,fortis,1987
5578,7.65,9.8,fortis,1987
10376,7.68,9.28,fortis,1987
13377,7.7,9.5,fortis,1987
15225,7.8,10.8,fortis,1987
15914,7.81,9.24,fortis,1987
14760,7.81,10.24,fortis,1987
15779,7.86,9.74,fortis,1987
13901,7.9,9.2,fortis,1987
15277,7.9,9.95,fortis,1987
15285,7.92,9.34,fortis,1987
13194,7.92,9.35,fortis,1987
14967,7.92,10.1,fortis,1987
14800,7.93,9.96,fortis,1987
14612,7.95,9.27,fortis,1987
15154,7.95,9.4,fortis,1987
14123,7.96,9.68,fortis,1987
15368,7.97,10.19,fortis,1987
15873,8.0,10.0,fortis,1987
16027,8.0,10.25,fortis,1987
15353,8.0,11.3,fortis,1987
14265,8.02,9.83,fortis,1987
15014,8.02,11.04,fortis,1987
14969,8.03,10.16,fortis,1987
5627,8.03,10.74,fortis,1987
15973,8.06,10.19,fortis,1987
13468,8.09,9.46,fortis,1987
15214,8.1,9.5,fortis,1987
14978,8.1,9.7,fortis,1987
15909,8.1,10.0,fortis,1987
13996,8.1,10.05,fortis,1987
13543,8.1,10.3,fortis,1987
14634,8.1,10.5,fortis,1987
15804,8.11,9.94,fortis,1987
15493,8.11,10.04,fortis,1987
15363,8.11,10.24,fortis,1987
15286,8.2,9.2,fortis,1987
15019,8.2,9.3,fortis,1987
16112,8.21,10.04,fortis,1987
15270,8.21,10.34,fortis,1987
15874,8.21,10.34,fortis,1987
16007,8.22,10.04,fortis,1987
14860,8.23,9.86,fortis,1987
10313,8.24,9.73,fortis,1987
15490,8.25,9.45,fortis,1987
15106,8.25,10.0,fortis,1987
13539,8.27,9.78,fortis,1987
14912,8.28,9.64,fortis,1987
13244,8.3,9.8,fortis,1987
14822,8.3,10.0,fortis,1987
14909,8.3,10.0,fortis,1987
15944,8.3,10.8,fortis,1987
16170,8.31,9.64,fortis,1987
15477,8.31,10.14,fortis,1987
15111,8.31,10.24,fortis,1987
14686,8.31,10.74,fortis,1987
15915,8.31,10.74,fortis,1987
15759,8.31,11.14,fortis,1987
15850,8.31,11.24,fortis,1987
15977,8.32,9.84,fortis,1987
14632,8.33,9.86,fortis,1987
14982,8.33,9.96,fortis,1987
13306,8.34,10.57,fortis,1987
13351,8.35,10.0,fortis,1987
15288,8.35,10.95,fortis,1987
15079,8.36,9.89,fortis,1987
15402,8.36,9.99,fortis,1987
15248,8.4,9.1,fortis,1987
13881,8.4,9.8,fortis,1987
15879,8.4,9.85,fortis,1987
4830,8.4,10.0,fortis,1987
15679,8.4,10.0,fortis,1987
15806,8.4,10.0,fortis,1987
5887,8.4,10.18,fortis,1987
15845,8.4,10.4,fortis,1987
14890,8.4,10.9,fortis,1987
15875,8.41,10.04,fortis,1987
15381,8.41,10.14,fortis,1987
15382,8.41,10.24,fortis,1987
15453,8.41,10.54,fortis,1987
5555,8.42,9.04,fortis,1987
15127,8.42,9.24,fortis,1987
14628,8.43,10.06,fortis,1987
15379,8.43,10.26,fortis,1987
14939,8.45,10.2,fortis,1987
10100,8.45,10.93,fortis,1987
16172,8.47,10.64,fortis,1987
15188,8.47,10.74,fortis,1987
14611,8.5,9.4,fortis,1987
14025,8.5,9.55,fortis,1987
14970,8.5,9.8,fortis,1987
15970,8.5,9.83,fortis,1987
10760,8.5,10.0,fortis,1987
15706,8.5,10.0,fortis,1987
14762,8.5,10.3,fortis,1987
15829,8.5,10.6,fortis,1987
14743,8.5,11.5,fortis,1987
15933,8.51,10.24,fortis,1987
14836,8.51,10.5,fortis,1987
15940,8.51,10.84,fortis,1987
15995,8.52,9.94,fortis,1987
14704,8.53,10.36,fortis,1987
5685,8.55,9.8,fortis,1987
14833,8.56,10.09,fortis,1987
1536,8.6,9.8,fortis,1987
15163,8.6,9.9,fortis,1987
5556,8.6,10.0,fortis,1987
14902,8.6,10.0,fortis,1987
15342,8.6,10.0,fortis,1987
14894,8.6,10.1,fortis,1987
15761,8.6,11.3,fortis,1987
5628,8.6,12.0,fortis,1987
15497,8.61,10.14,fortis,1987
14932,8.61,10.34,fortis,1987
15374,8.61,10.34,fortis,1987
15175,8.61,10.54,fortis,1987
15724,8.61,10.54,fortis,1987
15680,8.61,10.94,fortis,1987
14827,8.61,11.04,fortis,1987
15296,8.61,11.14,fortis,1987
15711,8.61,11.14,fortis,1987
10066,8.61,11.24,fortis,1987
15322,8.61,12.14,fortis,1987
15262,8.62,9.94,fortis,1987
14840,8.62,9.95,fortis,1987
4229,8.62,10.05,fortis,1987
13195,8.62,10.35,fortis,1987
14829,8.63,10.86,fortis,1987
13994,8.64,10.18,fortis,1987
15464,8.65,9.45,fortis,1987
15865,8.66,10.19,fortis,1987
14831,8.66,10.84,fortis,1987
13269,8.7,9.4,fortis,1987
15184,8.7,9.5,fortis,1987
14096,8.7,9.8,fortis,1987
15245,8.7,9.85,fortis,1987
15143,8.7,10.0,fortis,1987
15712,8.7,10.1,fortis,1987
4715,8.7,10.4,fortis,1987
14832,8.7,10.45,fortis,1987
15757,8.7,10.57,fortis,1987
14694,8.7,10.8,fortis,1987
15388,8.7,10.9,fortis,1987
15224,8.7,11.4,fortis,1987
15018,8.71,9.64,fortis,1987
15981,8.71,10.04,fortis,1987
15228,8.71,10.24,fortis,1987
15663,8.71,10.44,fortis,1987
15983,8.71,10.54,fortis,1987
10198,8.71,10.64,fortis,1987
15657,8.71,10.84,fortis,1987
15990,8.71,10.94,fortis,1987
15123,8.71,11.14,fortis,1987
15855,8.71,11.14,fortis,1987
15005,8.71,11.29,fortis,1987
15617,8.71,11.79,fortis,1987
14880,8.72,9.84,fortis,1987
14742,8.72,11.15,fortis,1987
15080,8.73,9.76,fortis,1987
15273,8.73,10.06,fortis,1987
4859,8.73,10.87,fortis,1987
14767,8.73,11.86,fortis,1987
5602,8.74,10.83,fortis,1987
15978,8.76,10.39,fortis,1987
15246,8.76,10.64,fortis,1987
15264,8.77,9.7,fortis,1987
14867,8.77,10.09,fortis,1987
13687,8.77,10.67,fortis,1987
15306,8.77,10.95,fortis,1987
10347,8.79,9.96,fortis,1987
15420,8.8,9.7,fortis,1987
16016,8.8,9.97,fortis,1987
14042,8.8,10.1,fortis,1987
14797,8.8,10.37,fortis,1987
14761,8.8,10.9,fortis,1987
14858,8.8,10.9,fortis,1987
2749,8.8,11.1,fortis,1987
15244,8.8,11.15,fortis,1987
5872,8.8,11.8,fortis,1987
14680,8.81,10.14,fortis,1987
14763,8.81,10.19,fortis,1987
14892,8.81,10.24,fortis,1987
15176,8.81,10.24,fortis,1987
14795,8.81,10.54,fortis,1987
15040,8.81,10.54,fortis,1987
15733,8.81,10.54,fortis,1987
15367,8.81,10.74,fortis,1987
14535,8.81,11.24,fortis,1987
15268,8.81,11.24,fortis,1987
15883,8.82,10.05,fortis,1987
15220,8.82,10.24,fortis,1987
15430,8.82,10.94,fortis,1987
15404,8.86,10.59,fortis,1987
14841,8.87,9.9,fortis,1987
15313,8.87,10.04,fortis,1987
14868,8.87,10.35,fortis,1987
13385,8.87,11.2,fortis,1987
15301,8.88,11.8,fortis,1987
5626,8.89,11.1,fortis,1987
14928,8.9,10.0,fortis,1987
5965,8.9,10.1,fortis,1987
15182,8.9,10.1,fortis,1987
16162,8.9,10.13,fortis,1987
13582,8.9,10.2,fortis,1987
14811,8.9,10.33,fortis,1987
5669,8.9,10.4,fortis,1987
10703,8.9,10.4,fortis,1987
14684,8.9,10.7,fortis,1987
14809,8.9,10.7,fortis,1987
10548,8.9,10.9,fortis,1987
15387,8.9,10.9,fortis,1987
5721,8.9,11.1,fortis,1987
14808,8.9,11.6,fortis,1987
15223,8.9,11.6,fortis,1987
15795,8.9,11.8,fortis,1987
15274,8.91,10.44,fortis,1987
14664,8.91,10.54,fortis,1987
15854,8.91,10.64,fortis,1987
15941,8.91,10.74,fortis,1987
14258,8.91,10.76,fortis,1987
15852,8.91,10.79,fortis,1987
15132,8.91,10.84,fortis,1987
15659,8.91,11.04,fortis,1987
15431,8.91,11.29,fortis,1987
15378,8.91,11.84,fortis,1987
14749,8.92,10.04,fortis,1987
14533,8.92,11.1,fortis,1987
15348,8.92,11.2,fortis,1987
14636,8.93,10.76,fortis,1987
14671,8.93,10.76,fortis,1987
13575,8.93,11.0,fortis,1987
14685,8.93,11.46,fortis,1987
2639,8.95,10.3,fortis,1987
14478,8.95,10.9,fortis,1987
14681,8.96,9.94,fortis,1987
15630,8.96,10.24,fortis,1987
15229,8.96,10.99,fortis,1987
15337,8.97,10.47,fortis,1987
15332,8.97,10.7,fortis,1987
5330,8.97,12.21,fortis,1987
14403,8.98,10.35,fortis,1987
15232,8.98,10.52,fortis,1987
5554,9.0,10.0,fortis,1987
15054,9.0,10.3,fortis,1987
15157,9.0,10.6,fortis,1987
15488,9.0,10.75,fortis,1987
15241,9.0,10.8,fortis,1987
14915,9.0,11.0,fortis,1987
14788,9.0,12.0,fortis,1987
14846,9.01,10.04,fortis,1987
15631,9.01,10.24,fortis,1987
15715,9.01,10.24,fortis,1987
15496,9.01,10.34,fortis,1987
15758,9.01,10.34,fortis,1987
15791,9.01,10.64,fortis,1987
15311,9.01,11.24,fortis,1987
15684,9.01,11.54,fortis,1987
15785,9.01,11.54,fortis,1987
15465,9.02,10.74,fortis,1987
14712,9.02,11.04,fortis,1987
15230,9.03,10.1,fortis,1987
15318,9.03,10.76,fortis,1987
14356,9.04,10.04,fortis,1987
5389,9.04,10.27,fortis,1987
10232,9.04,10.87,fortis,1987
4936,9.05,10.0,fortis,1987
5587,9.05,10.35,fortis,1987
14741,9.06,11.04,fortis,1987
13486,9.07,9.98,fortis,1987
13579,9.07,10.03,fortis,1987
15822,9.07,10.49,fortis,1987
15412,9.07,10.5,fortis,1987
15153,9.07,10.57,fortis,1987
15055,9.07,10.8,fortis,1987
14669,9.07,11.34,fortis,1987
15863,9.07,11.69,fortis,1987
10102,9.08,10.98,fortis,1987
14883,9.08,11.51,fortis,1987
13522,9.09,9.66,fortis,1987
10685,9.09,10.46,fortis,1987
14872,9.1,9.7,fortis,1987
15333,9.1,10.5,fortis,1987
14765,9.1,10.6,fortis,1987
15389,9.1,10.83,fortis,1987
13932,9.1,10.9,fortis,1987
13365,9.1,11.3,fortis,1987
15066,9.1,11.4,fortis,1987
14723,9.1,12.0,fortis,1987
14659,9.11,10.24,fortis,1987
16111,9.11,10.24,fortis,1987
15011,9.11,10.34,fortis,1987
15047,9.11,10.35,fortis,1987
15781,9.11,10.89,fortis,1987
14826,9.11,10.9,fortis,1987
15499,9.11,11.04,fortis,1987
15065,9.11,11.09,fortis,1987
15832,9.11,11.14,fortis,1987
15934,9.11,11.14,fortis,1987
14784,9.11,11.34,fortis,1987
15611,9.11,11.34,fortis,1987
15325,9.11,11.54,fortis,1987
14672,9.12,10.54,fortis,1987
14347,9.12,10.63,fortis,1987
15105,9.12,10.85,fortis,1987
15233,9.12,10.85,fortis,1987
14838,9.12,10.95,fortis,1987
15359,9.12,11.04,fortis,1987
5828,9.12,11.25,fortis,1987
14824,9.12,11.25,fortis,1987
15048,9.13,10.46,fortis,1987
15321,9.13,11.96,fortis,1987
5817,9.14,10.49,fortis,1987
13690,9.14,10.73,fortis,1987
5507,9.14,11.07,fortis,1987
5858,9.15,10.45,fortis,1987
16089,9.15,10.65,fortis,1987
5718,9.15,10.71,fortis,1987
15408,9.15,11.2,fortis,1987
14692,9.15,11.25,fortis,1987
15027,9.17,10.37,fortis,1987
14518,9.17,10.72,fortis,1987
13389,9.19,12.22,fortis,1987
14871,9.2,9.5,fortis,1987
14041,9.2,10.0,fortis,1987
15126,9.2,10.2,fortis,1987
15369,9.2,10.4,fortis,1987
5826,9.2,10.55,fortis,1987
14100,9.2,10.6,fortis,1987
15125,9.2,10.6,fortis,1987
5927,9.2,10.7,fortis,1987
10213,9.2,10.7,fortis,1987
14062,9.2,10.7,fortis,1987
14879,9.2,10.7,fortis,1987
14854,9.2,10.75,fortis,1987
15056,9.2,10.8,fortis,1987
14652,9.2,10.9,fortis,1987
15450,9.2,10.9,fortis,1987
15601,9.2,10.9,fortis,1987
10023,9.2,11.0,fortis,1987
14921,9.2,11.3,fortis,1987
15926,9.2,11.9,fortis,1987
15151,9.21,10.24,fortis,1987
15263,9.21,10.39,fortis,1987
2833,9.21,10.63,fortis,1987
15707,9.21,10.84,fortis,1987
15454,9.21,11.14,fortis,1987
15409,9.21,11.24,fortis,1987
15985,9.21,11.24,fortis,1987
15215,9.21,11.34,fortis,1987
15261,9.21,11.34,fortis,1987
15903,9.21,12.14,fortis,1987
5725,9.22,11.03,fortis,1987
15772,9.22,11.04,fortis,1987
14605,9.22,11.2,fortis,1987
14696,9.23,11.06,fortis,1987
14701,9.23,11.16,fortis,1987
2737,9.24,10.21,fortis,1987
14124,9.24,10.97,fortis,1987
13708,9.24,11.83,fortis,1987
14732,9.25,10.9,fortis,1987
15710,9.25,11.0,fortis,1987
15727,9.25,11.0,fortis,1987
14679,9.27,10.5,fortis,1987
15396,9.27,10.63,fortis,1987
14956,9.27,10.85,fortis,1987
15373,9.27,11.45,fortis,1987
14901,9.3,10.1,fortis,1987
15247,9.3,10.3,fortis,1987
2738,9.3,10.4,fortis,1987
14279,9.3,10.5,fortis,1987
15399,9.3,10.6,fortis,1987
15130,9.3,10.9,fortis,1987
15174,9.3,10.9,fortis,1987
10183,9.3,11.0,fortis,1987
14471,9.3,11.0,fortis,1987
15289,9.3,11.15,fortis,1987
15428,9.3,11.15,fortis,1987
2537,9.3,11.3,fortis,1987
2666,9.3,12.81,fortis,1987
14896,9.31,10.09,fortis,1987
15971,9.31,10.84,fortis,1987
15189,9.31,10.94,fortis,1987
15500,9.31,11.04,fortis,1987
15820,9.31,11.04,fortis,1987
15474,9.31,11.14,fortis,1987
15938,9.31,11.14,fortis,1987
15987,9.31,11.14,fortis,1987
15463,9.31,11.24,fortis,1987
15746,9.31,11.24,fortis,1987
15801,9.31,11.24,fortis,1987
15739,9.31,11.34,fortis,1987
14643,9.32,10.95,fortis,1987
15310,9.33,10.66,fortis,1987
14770,9.33,10.96,fortis,1987
14792,9.33,10.96,fortis,1987
15191,9.33,11.56,fortis,1987
14744,9.35,10.4,fortis,1987
15950,9.35,10.6,fortis,1987
15788,9.35,10.75,fortis,1987
15376,9.35,10.9,fortis,1987
10716,9.37,10.73,fortis,1987
15155,9.37,11.2,fortis,1987
14874,9.4,9.9,fortis,1987
15326,9.4,10.0,fortis,1987
14629,9.4,10.2,fortis,1987
15238,9.4,10.4,fortis,1987
14705,9.4,10.5,fortis,1987
15838,9.4,11.1,fortis,1987
10826,9.4,11.2,fortis,1987
14171,9.4,11.3,fortis,1987
15346,9.4,11.8,fortis,1987
15426,9.41,10.34,fortis,1987
15633,9.41,11.24,fortis,1987
15709,9.41,11.44,fortis,1987
15904,9.41,11.54,fortis,1987
15323,9.41,12.04,fortis,1987
15152,9.42,10.94,fortis,1987
15605,9.42,11.1,fortis,1987
14546,9.42,11.67,fortis,1987
14923,9.42,13.57,fortis,1987
15129,9.43,10.61,fortis,1987
15165,9.43,10.66,fortis,1987
14641,9.43,10.96,fortis,1987
14794,9.43,10.96,fortis,1987
13409,9.43,11.21,fortis,1987
15110,9.43,11.55,fortis,1987
14884,9.43,11.96,fortis,1987
10330,9.44,10.67,fortis,1987
2658,9.44,10.8,fortis,1987
13552,9.44,11.3,fortis,1987
15482,9.45,10.8,fortis,1987
14900,9.45,11.0,fortis,1987
5635,9.45,11.51,fortis,1987
15929,9.45,11.6,fortis,1987
13704,9.47,10.67,fortis,1987
14766,9.47,10.77,fortis,1987
14940,9.47,11.3,fortis,1987
15308,9.47,11.55,fortis,1987
14823,9.47,11.6,fortis,1987
14722,9.47,12.15,fortis,1987
15613,9.5,10.4,fortis,1987
13644,9.5,10.5,fortis,1987
15360,9.5,10.5,fortis,1987
15939,9.5,10.5,fortis,1987
16168,9.5,10.5,fortis,1987
15395,9.5,10.8,fortis,1987
15885,9.5,10.8,fortis,1987
10081,9.5,10.9,fortis,1987
15648,9.5,10.9,fortis,1987
15734,9.5,10.9,fortis,1987
15398,9.5,11.0,fortis,1987
10670,9.5,11.1,fortis,1987
15041,9.5,11.1,fortis,1987
2862,9.5,11.15,fortis,1987
14675,9.5,11.2,fortis,1987
14687,9.5,11.5,fortis,1987
14957,9.5,11.8,fortis,1987
15447,9.5,12.9,fortis,1987
15042,9.51,11.04,fortis,1987
15028,9.51,11.14,fortis,1987
15642,9.51,11.14,fortis,1987
15329,9.51,11.24,fortis,1987
15660,9.51,11.24,fortis,1987
15714,9.51,11.24,fortis,1987
15767,9.51,11.64,fortis,1987
15316,9.51,11.84,fortis,1987
14948,9.52,10.7,fortis,1987
14621,9.52,11.2,fortis,1987
14720,9.52,12.0,fortis,1987
14937,9.53,11.36,fortis,1987
15131,9.53,11.86,fortis,1987
15616,9.53,12.16,fortis,1987
15840,9.55,10.85,fortis,1987
14893,9.55,11.0,fortis,1987
14958,9.56,11.29,fortis,1987
14676,9.57,11.0,fortis,1987
14839,9.57,11.94,fortis,1987
15370,9.57,12.25,fortis,1987
5335,9.59,11.96,fortis,1987
10751,9.6,10.0,fortis,1987
14713,9.6,10.4,fortis,1987
14615,9.6,10.7,fortis,1987
14825,9.6,10.7,fortis,1987
14040,9.6,10.8,fortis,1987
16117,9.6,10.8,fortis,1987
13075,9.6,10.85,fortis,1987
15339,9.6,10.9,fortis,1987
2847,9.6,11.0,fortis,1987
14916,9.6,11.1,fortis,1987
15390,9.6,11.15,fortis,1987
4843,9.6,11.17,fortis,1987
14492,9.6,11.2,fortis,1987
5560,9.6,11.3,fortis,1987
14678,9.6,11.5,fortis,1987
14866,9.6,11.7,fortis,1987
15612,9.6,11.9,fortis,1987
15158,9.6,12.1,fortis,1987
14793,9.61,9.14,fortis,1987
10194,9.61,11.02,fortis,1987
15949,9.61,11.04,fortis,1987
15475,9.61,11.24,fortis,1987
15722,9.61,11.24,fortis,1987
15210,9.61,11.44,fortis,1987
15839,9.61,11.44,fortis,1987
15908,9.61,11.44,fortis,1987
15049,9.61,11.54,fortis,1987
15764,9.61,11.54,fortis,1987
15667,9.62,10.84,fortis,1987
15004,9.63,10.5,fortis,1987
15293,9.63,10.86,fortis,1987
14774,9.63,11.06,fortis,1987
14842,9.63,11.15,fortis,1987
15969,9.63,11.26,fortis,1987
14790,9.63,11.36,fortis,1987
14887,9.63,12.16,fortis,1987
14677,9.65,11.6,fortis,1987
14710,9.65,11.65,fortis,1987
4378,9.66,10.64,fortis,1987
5586,9.67,10.2,fortis,1987
15197,9.67,11.04,fortis,1987
10550,9.69,11.88,fortis,1987
14917,9.7,10.3,fortis,1987
14816,9.7,10.7,fortis,1987
4899,9.7,10.87,fortis,1987
4911,9.7,11.0,fortis,1987
15196,9.7,11.0,fortis,1987
15607,9.7,11.0,fortis,1987
16173,9.7,11.13,fortis,1987
14751,9.7,11.2,fortis,1987
15113,9.7,11.2,fortis,1987
14688,9.7,11.3,fortis,1987
13807,9.7,11.4,fortis,1987
15001,9.7,11.4,fortis,1987
15239,9.71,11.04,fortis,1987
15212,9.71,11.14,fortis,1987
15753,9.71,11.14,fortis,1987
10228,9.71,11.24,fortis,1987
15644,9.71,11.24,fortis,1987
14609,9.71,11.29,fortis,1987
15655,9.72,10.34,fortis,1987
14617,9.72,11.14,fortis,1987
13837,9.72,11.58,fortis,1987
15172,9.72,11.84,fortis,1987
14670,9.72,12.44,fortis,1987
14736,9.73,10.96,fortis,1987
15012,9.73,11.46,fortis,1987
14807,9.73,11.67,fortis,1987
13945,9.74,10.43,fortis,1987
14412,9.74,10.73,fortis,1987
3569,9.74,10.94,fortis,1987
15857,9.76,11.94,fortis,1987
15478,9.77,11.1,fortis,1987
15930,9.77,12.05,fortis,1987
14739,9.78,10.81,fortis,1987
14633,9.78,11.29,fortis,1987
14674,9.8,10.5,fortis,1987
13201,9.8,10.7,fortis,1987
5026,9.8,10.9,fortis,1987
15193,9.8,10.9,fortis,1987
14746,9.8,11.0,fortis,1987
14963,9.8,11.0,fortis,1987
14971,9.8,11.0,fortis,1987
15385,9.8,11.1,fortis,1987
15015,9.8,11.2,fortis,1987
5505,9.8,11.4,fortis,1987
15621,9.8,11.6,fortis,1987
14987,9.8,11.7,fortis,1987
14820,9.8,11.8,fortis,1987
14889,9.8,11.8,fortis,1987
5504,9.8,11.9,fortis,1987
15302,9.8,12.3,fortis,1987
14942,9.81,11.19,fortis,1987
14856,9.81,11.24,fortis,1987
14849,9.81,11.34,fortis,1987
15203,9.81,11.49,fortis,1987
15670,9.81,11.64,fortis,1987
15371,9.81,11.74,fortis,1987
15856,9.81,11.74,fortis,1987
15377,9.82,10.94,fortis,1987
15979,9.82,11.04,fortis,1987
14796,9.82,11.15,fortis,1987
15145,9.82,11.3,fortis,1987
15058,9.83,10.96,fortis,1987
15692,9.83,11.16,fortis,1987
15033,9.83,11.26,fortis,1987
15255,9.83,12.1,fortis,1987
14620,9.85,10.7,fortis,1987
13781,9.85,12.3,fortis,1987
5625,9.86,10.94,fortis,1987
14783,9.86,11.39,fortis,1987
15053,9.86,12.01,fortis,1987
15150,9.87,10.94,fortis,1987
5921,9.87,11.2,fortis,1987
15358,9.87,11.34,fortis,1987
15383,9.87,11.7,fortis,1987
14886,9.88,11.86,fortis,1987
5570,9.9,10.8,fortis,1987
13975,9.9,11.0,fortis,1987
14930,9.9,11.2,fortis,1987
15433,9.9,11.3,fortis,1987
5400,9.9,11.5,fortis,1987
15473,9.9,11.5,fortis,1987
15124,9.9,11.7,fortis,1987
5614,9.9,11.8,fortis,1987
10305,9.9,11.82,fortis,1987
15148,9.9,11.9,fortis,1987
15849,9.9,12.0,fortis,1987
15665,9.91,11.14,fortis,1987
14955,9.91,11.74,fortis,1987
14721,9.91,11.84,fortis,1987
15682,9.91,12.24,fortis,1987
4721,9.92,10.95,fortis,1987
14660,9.92,11.14,fortis,1987
15355,9.92,11.84,fortis,1987
15653,9.92,11.84,fortis,1987
14711,9.92,12.05,fortis,1987
15281,9.92,12.17,fortis,1987
4190,9.93,11.04,fortis,1987
15650,9.93,11.06,fortis,1987
15112,9.93,11.16,fortis,1987
14974,9.93,11.46,fortis,1987
10080,9.95,11.1,fortis,1987
14943,9.95,11.85,fortis,1987
13760,9.96,10.67,fortis,1987
14689,9.96,11.2,fortis,1987
14117,10.0,10.6,fortis,1987
15674,10.0,10.6,fortis,1987
10679,10.0,10.9,fortis,1987
5963,10.0,11.0,fortis,1987
14818,10.0,11.0,fortis,1987
15749,10.0,11.0,fortis,1987
14781,10.0,11.1,fortis,1987
13231,10.0,11.13,fortis,1987
14174,10.0,11.2,fortis,1987
2776,10.0,11.3,fortis,1987
15140,10.0,11.3,fortis,1987
14745,10.0,11.5,fortis,1987
15951,10.0,11.5,fortis,1987
15291,10.0,11.7,fortis,1987
14752,10.0,11.9,fortis,1987
14772,10.0,12.0,fortis,1987
15603,10.0,12.8,fortis,1987
15062,10.01,11.44,fortis,1987
15003,10.01,11.94,fortis,1987
14961,10.02,11.84,fortis,1987
14346,10.02,11.93,fortis,1987
15073,10.03,10.66,fortis,1987
5860,10.05,11.55,fortis,1987
15681,10.06,12.29,fortis,1987
14817,10.07,11.5,fortis,1987
14618,10.08,11.16,fortis,1987
13300,10.09,11.06,fortis,1987
15183,10.1,11.2,fortis,1987
13413,10.1,11.3,fortis,1987
15897,10.1,11.6,fortis,1987
15249,10.1,11.7,fortis,1987
15199,10.11,11.34,fortis,1987
15920,10.11,11.44,fortis,1987
15099,10.11,11.49,fortis,1987
14865,10.11,11.74,fortis,1987
14333,10.12,11.03,fortis,1987
5789,10.12,11.28,fortis,1987
15309,10.12,11.45,fortis,1987
15317,10.12,11.84,fortis,1987
14895,10.13,10.96,fortis,1987
14738,10.13,11.26,fortis,1987
14926,10.13,12.66,fortis,1987
15448,10.13,13.96,fortis,1987
14812,10.15,11.05,fortis,1987
5960,10.15,11.4,fortis,1987
15461,10.16,11.44,fortis,1987
4677,10.17,11.02,fortis,1987
13595,10.17,11.4,fortis,1987
14656,10.17,11.9,fortis,1987
14657,10.2,10.25,fortis,1987
14992,10.2,11.0,fortis,1987
14777,10.2,11.6,fortis,1987
15304,10.2,12.3,fortis,1987
14619,10.21,11.54,fortis,1987
14753,10.21,11.54,fortis,1987
14650,10.21,11.74,fortis,1987
15315,10.21,11.74,fortis,1987
14627,10.23,10.86,fortis,1987
15295,10.23,11.96,fortis,1987
10658,10.27,11.15,fortis,1987
4946,10.27,11.42,fortis,1987
14655,10.29,11.33,fortis,1987
5731,10.3,10.8,fortis,1987
5559,10.3,11.0,fortis,1987
15338,10.3,11.1,fortis,1987
10622,10.3,11.3,fortis,1987
2984,10.3,11.4,fortis,1987
14851,10.3,11.4,fortis,1987
5060,10.3,11.8,fortis,1987
14003,10.32,11.8,fortis,1987
5844,10.32,11.83,fortis,1987
14805,10.33,11.06,fortis,1987
3527,10.33,11.79,fortis,1987
14919,10.33,11.87,fortis,1987
15830,10.33,12.27,fortis,1987
14468,10.34,11.83,fortis,1987
5847,10.34,11.93,fortis,1987
2753,10.35,10.89,fortis,1987
15471,10.35,11.6,fortis,1987
15609,10.35,11.8,fortis,1987
15444,10.35,12.85,fortis,1987
15025,10.37,11.29,fortis,1987
14873,10.4,11.6,fortis,1987
15101,10.4,11.7,fortis,1987
15458,10.4,11.9,fortis,1987
15037,10.4,12.0,fortis,1987
15171,10.4,12.0,fortis,1987
14925,10.4,12.75,fortis,1987
15411,10.41,12.24,fortis,1987
14616,10.42,11.65,fortis,1987
14922,10.43,11.76,fortis,1987
5905,10.43,11.86,fortis,1987
4993,10.45,11.44,fortis,1987
14662,10.5,11.0,fortis,1987
5904,10.5,11.1,fortis,1987
10181,10.5,11.1,fortis,1987
15702,10.5,11.7,fortis,1987
5543,10.5,11.8,fortis,1987
720,10.5,12.2,fortis,1987
15413,10.51,11.54,fortis,1987
15392,10.51,11.64,fortis,1987
15947,10.51,11.94,fortis,1987
15955,10.51,12.34,fortis,1987
15021,10.52,11.0,fortis,1987
14625,10.52,11.84,fortis,1987
14651,10.52,11.84,fortis,1987
14848,10.53,11.36,fortis,1987
15147,10.53,11.46,fortis,1987
15980,10.53,11.56,fortis,1987
4876,10.55,10.34,fortis,1987
1469,10.56,11.73,fortis,1987
15372,10.57,12.25,fortis,1987
5649,10.59,11.55,fortis,1987
3393,10.6,11.7,fortis,1987
15216,10.6,11.9,fortis,1987
15688,10.61,11.54,fortis,1987
5821,10.62,12.32,fortis,1987
14870,10.67,11.95,fortis,1987
13407,10.68,11.27,fortis,1987
14993,10.7,12.3,fortis,1987
14663,10.72,11.65,fortis,1987
14991,10.72,12.4,fortis,1987
15170,10.72,12.84,fortis,1987
14804,10.73,11.76,fortis,1987
1774,10.75,11.9,fortis,1987
14149,10.8,10.9,fortis,1987
14622,10.8,11.0,fortis,1987
15948,10.8,11.6,fortis,1987
2536,10.84,11.44,fortis,1987
14624,10.85,11.85,fortis,1987
2743,10.85,12.1,fortis,1987
5370,10.88,12.73,fortis,1987
14706,10.9,11.5,fortis,1987
15825,10.9,11.8,fortis,1987
10178,11.0,11.7,fortis,1987
15910,11.0,11.85,fortis,1987
15976,11.0,12.2,fortis,1987
14550,11.02,13.65,fortis,1987
13487,11.07,11.78,fortis,1987
14649,11.1,11.7,fortis,1987
4986,11.17,11.87,fortis,1987
15651,11.2,12.8,fortis,1987
15954,11.21,12.04,fortis,1987
15905,11.38,11.46,fortis,1987
14442,11.38,11.53,fortis,1987
14408,11.49,11.23,fortis,1987
15877,11.53,12.26,fortis,1987
5110,12.37,14.07,fortis,1987
3597,12.7,13.03,fortis,1987
15718,7.77,10.75,scandens,1987
5594,7.94,13.73,scandens,1987
15235,7.96,14.04,scandens,1987
15252,8.0,12.5,scandens,1987
15847,8.01,12.64,scandens,1987
15139,8.23,12.66,scandens,1987
15237,8.3,13.0,scandens,1987
4045,8.36,13.15,scandens,1987
8443,8.37,13.96,scandens,1987
15798,8.4,13.15,scandens,1987
14786,8.4,13.7,scandens,1987
364,8.4,14.0,scandens,1987
10001,8.41,13.43,scandens,1987
15119,8.5,14.0,scandens,1987
15676,8.5,14.9,scandens,1987
15476,8.6,13.6,scandens,1987
14576,8.6,13.8,scandens,1987
15419,8.6,14.9,scandens,1987
15635,8.61,13.94,scandens,1987
2733,8.67,14.81,scandens,1987
15751,8.7,12.5,scandens,1987
14834,8.7,13.75,scandens,1987
4109,8.7,14.0,scandens,1987
15901,8.7,14.5,scandens,1987
14830,8.7,14.7,scandens,1987
15086,8.72,14.05,scandens,1987
15986,8.72,14.17,scandens,1987
4223,8.77,15.07,scandens,1987
15725,8.8,11.5,scandens,1987
13554,8.8,13.5,scandens,1987
15407,8.8,13.87,scandens,1987
3425,8.8,14.9,scandens,1987
15704,8.81,12.34,scandens,1987
15102,8.81,14.34,scandens,1987
5582,8.87,15.07,scandens,1987
15121,8.88,14.01,scandens,1987
10770,8.89,12.86,scandens,1987
14755,8.9,13.6,scandens,1987
13555,8.9,13.8,scandens,1987
15765,8.9,13.85,scandens,1987
15243,8.9,13.9,scandens,1987
8441,8.9,14.1,scandens,1987
10067,8.9,14.1,scandens,1987
15406,8.9,14.2,scandens,1987
15234,8.9,14.3,scandens,1987
15608,8.9,14.9,scandens,1987
14758,8.91,13.84,scandens,1987
14835,8.91,14.09,scandens,1987
15882,8.92,14.05,scandens,1987
14787,8.93,14.15,scandens,1987
14727,8.93,14.25,scandens,1987
5351,8.95,13.6,scandens,1987
15859,8.95,14.57,scandens,1987
15721,8.96,11.89,scandens,1987
5663,8.97,13.8,scandens,1987
2543,8.97,14.21,scandens,1987
5013,8.99,14.76,scandens,1987
10394,9.0,12.07,scandens,1987
17548,9.0,13.9,scandens,1987
14647,9.0,14.1,scandens,1987
13548,9.0,14.3,scandens,1987
5345,9.0,14.95,scandens,1987
15760,9.01,14.34,scandens,1987
15685,9.02,13.84,scandens,1987
14731,9.02,14.04,scandens,1987
14906,9.02,14.14,scandens,1987
15330,9.03,12.56,scandens,1987
4577,9.04,15.14,scandens,1987
4744,9.05,14.35,scandens,1987
10984,9.05,14.85,scandens,1987
14759,9.06,14.04,scandens,1987
15639,9.1,14.2,scandens,1987
15090,9.1,14.3,scandens,1987
4221,9.1,14.5,scandens,1987
15422,9.1,14.5,scandens,1987
15441,9.1,14.6,scandens,1987
15736,9.1,15.0,scandens,1987
4683,9.13,13.6,scandens,1987
14768,9.13,14.65,scandens,1987
5375,9.14,14.03,scandens,1987
14843,9.18,14.16,scandens,1987
2554,9.2,13.83,scandens,1987
14995,9.2,14.2,scandens,1987
15638,9.2,14.35,scandens,1987
15837,9.2,14.45,scandens,1987
10002,9.21,14.64,scandens,1987
14584,9.21,15.04,scandens,1987
14730,9.22,13.9,scandens,1987
3458,9.24,14.34,scandens,1987
5911,9.24,14.53,scandens,1987
2760,9.25,14.2,scandens,1987
15812,9.25,14.85,scandens,1987
5367,9.25,15.1,scandens,1987
10174,9.25,15.2,scandens,1987
1645,9.26,13.5,scandens,1987
4090,9.26,14.95,scandens,1987
5576,9.28,13.83,scandens,1987
14975,9.28,13.95,scandens,1987
2877,9.28,15.09,scandens,1987
10206,9.3,13.43,scandens,1987
4778,9.3,13.7,scandens,1987
5322,9.3,14.0,scandens,1987
10207,9.3,14.15,scandens,1987
10740,9.3,14.75,scandens,1987
8450,9.3,14.9,scandens,1987
10517,9.3,15.0,scandens,1987
2758,9.32,13.56,scandens,1987
14729,9.33,14.26,scandens,1987
10743,9.34,13.83,scandens,1987
13527,9.34,14.53,scandens,1987
8444,9.34,14.84,scandens,1987
15738,9.35,15.0,scandens,1987
2445,9.37,13.76,scandens,1987
5931,9.37,13.9,scandens,1987
14728,9.37,14.29,scandens,1987
15615,9.37,14.63,scandens,1987
14646,9.38,14.3,scandens,1987
13526,9.4,13.6,scandens,1987
15343,9.4,14.4,scandens,1987
10105,9.4,14.9,scandens,1987
14645,9.4,14.9,scandens,1987
2433,9.42,14.34,scandens,1987
10268,9.43,14.53,scandens,1987
10245,9.45,14.65,scandens,1987
4706,9.5,14.8,scandens,1987
14918,9.5,16.0,scandens,1987
15694,9.51,13.14,scandens,1987
15421,9.51,14.44,scandens,1987
14208,9.52,12.73,scandens,1987
1396,9.54,15.04,scandens,1987
1444,9.55,14.85,scandens,1987
4051,9.6,14.2,scandens,1987
10061,9.6,15.2,scandens,1987
4701,9.6,16.0,scandens,1987
13257,9.62,14.47,scandens,1987
2949,9.64,14.54,scandens,1987
14946,9.65,14.9,scandens,1987
5656,9.7,14.9,scandens,1987
5608,9.7,15.8,scandens,1987
15352,9.73,13.46,scandens,1987
15817,9.73,14.77,scandens,1987
4119,9.74,14.44,scandens,1987
10223,9.8,15.2,scandens,1987
2969,9.8,16.0,scandens,1987
14648,9.82,14.4,scandens,1987
15658,9.85,14.45,scandens,1987
13256,9.85,15.35,scandens,1987
8425,9.9,14.2,scandens,1987
14524,9.9,15.3,scandens,1987
10075,9.94,14.27,scandens,1987
4137,10.0,15.8,scandens,1987
14847,10.1,15.3,scandens,1987
15886,10.11,11.24,scandens,1987
14877,10.27,15.2,scandens,1987
8036,10.34,15.44,scandens,1987
14579,11.33,14.96,scandens,1987
2639,8.95,10.3,fortis,1991
2666,9.3,12.81,fortis,1991
2753,10.35,10.89,fortis,1991
2776,10.0,11.3,fortis,1991
4229,8.62,10.05,fortis,1991
4677,10.17,11.02,fortis,1991
4715,8.7,10.4,fortis,1991
4899,9.7,10.87,fortis,1991
4911,9.7,11.0,fortis,1991
4936,9.05,10.0,fortis,1991
4946,10.27,11.42,fortis,1991
5026,9.8,10.9,fortis,1991
5110,12.37,14.07,fortis,1991
5370,10.88,12.73,fortis,1991
5505,9.8,11.4,fortis,1991
5555,8.42,9.04,fortis,1991
5578,7.65,9.8,fortis,1991
5586,9.67,10.2,fortis,1991
5602,8.74,10.83,fortis,1991
5625,9.86,10.94,fortis,1991
5626,8.89,11.1,fortis,1991
5669,8.9,10.4,fortis,1991
5685,8.55,9.8,fortis,1991
5721,8.9,11.1,fortis,1991
5731,10.3,10.8,fortis,1991
5821,10.62,12.32,fortis,1991
5826,9.2,10.55,fortis,1991
5860,10.05,11.55,fortis,1991
5872,8.8,11.8,fortis,1991
5887,8.4,10.18,fortis,1991
5904,10.5,11.1,fortis,1991
5905,10.43,11.86,fortis,1991
5921,9.87,11.2,fortis,1991
5927,9.2,10.7,fortis,1991
5960,10.15,11.4,fortis,1991
10081,9.5,10.9,fortis,1991
10100,8.45,10.93,fortis,1991
10102,9.08,10.98,fortis,1991
10181,10.5,11.1,fortis,1991
10213,9.2,10.7,fortis,1991
10305,9.9,11.82,fortis,1991
10376,7.68,9.28,fortis,1991
10679,10.0,10.9,fortis,1991
10826,9.4,11.2,fortis,1991
13269,8.7,9.4,fortis,1991
13300,10.09,11.06,fortis,1991
13351,8.35,10.0,fortis,1991
13385,8.87,11.2,fortis,1991
13486,9.07,9.98,fortis,1991
13543,8.1,10.3,fortis,1991
13575,8.93,11.0,fortis,1991
13595,10.17,11.4,fortis,1991
13644,9.5,10.5,fortis,1991
13687,8.77,10.67,fortis,1991
13704,9.47,10.67,fortis,1991
13837,9.72,11.58,fortis,1991
13945,9.74,10.43,fortis,1991
13975,9.9,11.0,fortis,1991
13994,8.64,10.18,fortis,1991
14003,10.32,11.8,fortis,1991
14041,9.2,10.0,fortis,1991
14062,9.2,10.7,fortis,1991
14100,9.2,10.6,fortis,1991
14117,10.0,10.6,fortis,1991
14258,8.91,10.76,fortis,1991
14347,9.12,10.63,fortis,1991
14442,11.38,11.53,fortis,1991
14468,10.34,11.83,fortis,1991
14478,8.95,10.9,fortis,1991
14492,9.6,11.2,fortis,1991
14518,9.17,10.72,fortis,1991
14533,8.92,11.1,fortis,1991
14612,7.95,9.27,fortis,1991
14613,7.0,9.1,fortis,1991
14620,9.85,10.7,fortis,1991
14624,10.85,11.85,fortis,1991
14625,10.52,11.84,fortis,1991
14633,9.78,11.29,fortis,1991
14655,10.29,11.33,fortis,1991
14656,10.17,11.9,fortis,1991
14660,9.92,11.14,fortis,1991
14672,9.12,10.54,fortis,1991
14674,9.8,10.5,fortis,1991
14676,9.57,11.0,fortis,1991
14678,9.6,11.5,fortis,1991
14681,8.96,9.94,fortis,1991
14684,8.9,10.7,fortis,1991
14686,8.31,10.74,fortis,1991
14687,9.5,11.5,fortis,1991
14689,9.96,11.2,fortis,1991
14692,9.15,11.25,fortis,1991
14694,8.7,10.8,fortis,1991
14705,9.4,10.5,fortis,1991
14706,10.9,11.5,fortis,1991
14710,9.65,11.65,fortis,1991
14720,9.52,12.0,fortis,1991
14722,9.47,12.15,fortis,1991
14723,9.1,12.0,fortis,1991
14741,9.06,11.04,fortis,1991
14745,10.0,11.5,fortis,1991
14752,10.0,11.9,fortis,1991
14762,8.5,10.3,fortis,1991
14763,8.81,10.19,fortis,1991
14777,10.2,11.6,fortis,1991
14783,9.86,11.39,fortis,1991
14784,9.11,11.34,fortis,1991
14788,9.0,12.0,fortis,1991
14796,9.82,11.15,fortis,1991
14797,8.8,10.37,fortis,1991
14808,8.9,11.6,fortis,1991
14811,8.9,10.33,fortis,1991
14812,10.15,11.05,fortis,1991
14818,10.0,11.0,fortis,1991
14822,8.3,10.0,fortis,1991
14841,8.87,9.9,fortis,1991
14846,9.01,10.04,fortis,1991
14854,9.2,10.75,fortis,1991
14856,9.81,11.24,fortis,1991
14858,8.8,10.9,fortis,1991
14866,9.6,11.7,fortis,1991
14873,10.4,11.6,fortis,1991
14879,9.2,10.7,fortis,1991
14880,8.72,9.84,fortis,1991
14890,8.4,10.9,fortis,1991
14900,9.45,11.0,fortis,1991
14901,9.3,10.1,fortis,1991
14902,8.6,10.0,fortis,1991
14909,8.3,10.0,fortis,1991
14912,8.28,9.64,fortis,1991
14913,7.41,9.14,fortis,1991
14915,9.0,11.0,fortis,1991
14919,10.33,11.87,fortis,1991
14925,10.4,12.75,fortis,1991
14930,9.9,11.2,fortis,1991
14939,8.45,10.2,fortis,1991
14955,9.91,11.74,fortis,1991
14956,9.27,10.85,fortis,1991
14957,9.5,11.8,fortis,1991
14958,9.56,11.29,fortis,1991
14963,9.8,11.0,fortis,1991
14970,8.5,9.8,fortis,1991
14971,9.8,11.0,fortis,1991
14978,8.1,9.7,fortis,1991
14983,7.32,8.83,fortis,1991
15001,9.7,11.4,fortis,1991
15004,9.63,10.5,fortis,1991
15005,8.71,11.29,fortis,1991
15014,8.02,11.04,fortis,1991
15015,9.8,11.2,fortis,1991
15018,8.71,9.64,fortis,1991
15025,10.37,11.29,fortis,1991
15027,9.17,10.37,fortis,1991
15037,10.4,12.0,fortis,1991
15041,9.5,11.1,fortis,1991
15047,9.11,10.35,fortis,1991
15049,9.61,11.54,fortis,1991
15054,9.0,10.3,fortis,1991
15065,9.11,11.09,fortis,1991
15066,9.1,11.4,fortis,1991
15079,8.36,9.89,fortis,1991
15106,8.25,10.0,fortis,1991
15111,8.31,10.24,fortis,1991
15125,9.2,10.6,fortis,1991
15127,8.42,9.24,fortis,1991
15150,9.87,10.94,fortis,1991
15153,9.07,10.57,fortis,1991
15154,7.95,9.4,fortis,1991
15158,9.6,12.1,fortis,1991
15170,10.72,12.84,fortis,1991
15172,9.72,11.84,fortis,1991
15182,8.9,10.1,fortis,1991
15183,10.1,11.2,fortis,1991
15188,8.47,10.74,fortis,1991
15197,9.67,11.04,fortis,1991
15210,9.61,11.44,fortis,1991
15220,8.82,10.24,fortis,1991
15223,8.9,11.6,fortis,1991
15225,7.8,10.8,fortis,1991
15229,8.96,10.99,fortis,1991
15230,9.03,10.1,fortis,1991
15232,8.98,10.52,fortis,1991
15238,9.4,10.4,fortis,1991
15241,9.0,10.8,fortis,1991
15244,8.8,11.15,fortis,1991
15246,8.76,10.64,fortis,1991
15261,9.21,11.34,fortis,1991
15263,9.21,10.39,fortis,1991
15277,7.9,9.95,fortis,1991
15281,9.92,12.17,fortis,1991
15284,7.3,9.2,fortis,1991
15285,7.92,9.34,fortis,1991
15286,8.2,9.2,fortis,1991
15288,8.35,10.95,fortis,1991
15289,9.3,11.15,fortis,1991
15291,10.0,11.7,fortis,1991
15309,10.12,11.45,fortis,1991
15313,8.87,10.04,fortis,1991
15317,10.12,11.84,fortis,1991
15337,8.97,10.47,fortis,1991
15339,9.6,10.9,fortis,1991
15346,9.4,11.8,fortis,1991
15359,9.12,11.04,fortis,1991
15376,9.35,10.9,fortis,1991
15383,9.87,11.7,fortis,1991
15385,9.8,11.1,fortis,1991
15389,9.1,10.83,fortis,1991
15392,10.51,11.64,fortis,1991
15396,9.27,10.63,fortis,1991
15402,8.36,9.99,fortis,1991
15408,9.15,11.2,fortis,1991
15412,9.07,10.5,fortis,1991
15428,9.3,11.15,fortis,1991
15431,8.91,11.29,fortis,1991
15444,10.35,12.85,fortis,1991
15464,8.65,9.45,fortis,1991
15471,10.35,11.6,fortis,1991
15478,9.77,11.1,fortis,1991
15484,7.45,9.7,fortis,1991
15601,9.2,10.9,fortis,1991
15607,9.7,11.0,fortis,1991
15621,9.8,11.6,fortis,1991
15648,9.5,10.9,fortis,1991
15650,9.93,11.06,fortis,1991
15651,11.2,12.8,fortis,1991
15659,8.91,11.04,fortis,1991
15665,9.91,11.14,fortis,1991
15667,9.62,10.84,fortis,1991
15679,8.4,10.0,fortis,1991
15681,10.06,12.29,fortis,1991
15695,7.5,9.5,fortis,1991
15702,10.5,11.7,fortis,1991
15706,8.5,10.0,fortis,1991
15726,7.42,9.04,fortis,1991
15727,9.25,11.0,fortis,1991
15734,9.5,10.9,fortis,1991
15757,8.7,10.57,fortis,1991
15761,8.6,11.3,fortis,1991
15779,7.86,9.74,fortis,1991
15788,9.35,10.75,fortis,1991
15822,9.07,10.49,fortis,1991
15830,10.33,12.27,fortis,1991
15838,9.4,11.1,fortis,1991
15840,9.55,10.85,fortis,1991
15845,8.4,10.4,fortis,1991
15854,8.91,10.64,fortis,1991
15857,9.76,11.94,fortis,1991
15863,9.07,11.69,fortis,1991
15873,8.0,10.0,fortis,1991
15885,9.5,10.8,fortis,1991
15897,10.1,11.6,fortis,1991
15914,7.81,9.24,fortis,1991
15915,8.31,10.74,fortis,1991
15920,10.11,11.44,fortis,1991
15929,9.45,11.6,fortis,1991
15930,9.77,12.05,fortis,1991
15934,9.11,11.14,fortis,1991
15939,9.5,10.5,fortis,1991
15944,8.3,10.8,fortis,1991
15948,10.8,11.6,fortis,1991
15950,9.35,10.6,fortis,1991
15951,10.0,11.5,fortis,1991
15970,8.5,9.83,fortis,1991
15973,8.06,10.19,fortis,1991
15977,8.32,9.84,fortis,1991
15978,8.76,10.39,fortis,1991
15979,9.82,11.04,fortis,1991
15983,8.71,10.54,fortis,1991
15995,8.52,9.94,fortis,1991
16007,8.22,10.04,fortis,1991
16016,8.8,9.97,fortis,1991
16024,7.4,9.0,fortis,1991
16027,8.0,10.25,fortis,1991
16028,9.65,11.1,fortis,1991
16044,8.9,10.75,fortis,1991
16091,7.7,9.33,fortis,1991
16093,8.4,10.5,fortis,1991
16095,8.15,10.0,fortis,1991
16096,8.8,10.6,fortis,1991
16135,9.4,11.5,fortis,1991
16141,10.6,11.6,fortis,1991
16143,10.1,11.4,fortis,1991
16144,10.4,11.3,fortis,1991
16145,9.4,10.8,fortis,1991
16146,10.1,11.2,fortis,1991
16148,9.5,10.8,fortis,1991
16149,9.8,11.5,fortis,1991
16150,10.3,11.65,fortis,1991
16165,8.0,9.7,fortis,1991
16167,8.85,10.55,fortis,1991
16173,9.7,11.13,fortis,1991
16176,9.6,10.9,fortis,1991
16184,9.25,11.05,fortis,1991
16190,9.2,10.7,fortis,1991
16197,9.2,10.7,fortis,1991
16301,9.1,10.4,fortis,1991
16306,10.2,11.3,fortis,1991
16309,8.6,10.9,fortis,1991
16310,9.0,11.0,fortis,1991
16315,8.8,10.9,fortis,1991
16316,8.1,10.8,fortis,1991
16317,8.2,10.2,fortis,1991
16319,9.0,10.8,fortis,1991
16331,9.8,10.9,fortis,1991
16333,9.1,10.2,fortis,1991
16336,9.9,12.5,fortis,1991
16337,9.2,11.3,fortis,1991
16341,9.5,10.3,fortis,1991
16344,8.5,9.4,fortis,1991
16356,9.4,11.05,fortis,1991
16360,9.4,10.7,fortis,1991
16367,8.6,9.7,fortis,1991
16374,9.0,10.6,fortis,1991
16378,9.8,11.55,fortis,1991
16380,9.2,11.0,fortis,1991
16385,8.8,10.8,fortis,1991
16386,8.27,9.53,fortis,1991
16387,10.3,11.9,fortis,1991
16391,9.2,10.6,fortis,1991
16394,9.6,10.8,fortis,1991
16395,9.8,11.05,fortis,1991
16396,10.3,12.5,fortis,1991
16398,9.8,12.1,fortis,1991
16507,10.1,10.9,fortis,1991
16511,9.3,10.7,fortis,1991
16514,9.5,10.8,fortis,1991
16518,10.0,12.0,fortis,1991
16531,9.95,11.65,fortis,1991
16549,9.0,10.6,fortis,1991
16550,9.05,10.75,fortis,1991
16551,9.0,11.1,fortis,1991
16553,9.2,10.9,fortis,1991
16554,10.4,10.9,fortis,1991
16559,9.9,11.3,fortis,1991
16560,9.6,11.6,fortis,1991
16564,10.3,12.1,fortis,1991
16565,10.0,12.1,fortis,1991
16566,10.2,12.0,fortis,1991
16575,10.5,11.6,fortis,1991
16579,10.4,11.8,fortis,1991
16580,9.3,11.3,fortis,1991
16583,8.5,10.3,fortis,1991
16590,7.7,9.6,fortis,1991
16594,9.9,11.5,fortis,1991
16595,10.3,11.9,fortis,1991
16596,10.5,11.8,fortis,1991
16597,8.8,10.1,fortis,1991
16598,8.8,9.9,fortis,1991
16803,9.85,12.1,fortis,1991
16805,9.5,11.3,fortis,1991
16807,7.5,9.7,fortis,1991
16808,9.45,11.15,fortis,1991
16810,9.1,10.65,fortis,1991
16811,7.5,9.9,fortis,1991
16815,8.9,10.3,fortis,1991
16816,9.8,11.4,fortis,1991
16817,9.7,11.7,fortis,1991
16818,10.1,11.3,fortis,1991
16833,9.4,11.8,fortis,1991
16834,9.0,11.55,fortis,1991
16836,9.9,12.3,fortis,1991
16840,9.0,10.9,fortis,1991
16851,8.6,10.3,fortis,1991
16858,9.4,11.5,fortis,1991
16859,8.65,10.4,fortis,1991
16861,8.7,10.1,fortis,1991
16869,9.65,11.75,fortis,1991
16875,8.1,10.1,fortis,1991
16889,7.8,9.55,fortis,1991
16891,8.0,9.7,fortis,1991
16895,8.3,10.0,fortis,1991
17010,8.9,11.3,fortis,1991
17013,9.3,11.0,fortis,1991
17014,8.2,10.0,fortis,1991
17033,9.3,10.6,fortis,1991
17037,9.03,10.77,fortis,1991
17048,8.3,10.0,fortis,1991
17057,10.1,12.3,fortis,1991
17061,10.0,10.7,fortis,1991
17063,8.6,9.85,fortis,1991
17067,9.1,10.8,fortis,1991
17070,9.2,10.6,fortis,1991
17073,8.53,10.6,fortis,1991
17075,9.0,10.7,fortis,1991
17083,9.6,10.4,fortis,1991
17095,8.9,10.7,fortis,1991
17109,9.0,10.0,fortis,1991
17111,8.7,9.7,fortis,1991
17113,8.6,9.7,fortis,1991
17114,8.6,10.5,fortis,1991
17116,9.3,10.7,fortis,1991
17136,9.1,11.0,fortis,1991
17145,9.9,11.0,fortis,1991
17160,9.3,10.9,fortis,1991
17168,8.3,10.7,fortis,1991
17179,8.37,9.73,fortis,1991
17188,7.9,9.0,fortis,1991
17301,9.2,9.4,fortis,1991
17307,8.0,8.8,fortis,1991
17310,7.9,8.9,fortis,1991
17311,8.7,10.8,fortis,1991
17315,9.0,11.3,fortis,1991
17344,9.6,10.6,fortis,1991
17360,9.8,11.1,fortis,1991
17367,10.2,12.0,fortis,1991
17369,11.2,13.0,fortis,1991
17379,8.6,10.6,fortis,1991
17380,9.2,11.85,fortis,1991
17381,8.5,10.9,fortis,1991
17384,10.3,11.5,fortis,1991
17386,9.9,11.1,fortis,1991
17388,10.2,11.9,fortis,1991
17395,10.0,11.7,fortis,1991
17403,8.0,9.7,fortis,1991
17410,10.4,11.8,fortis,1991
17411,9.1,10.0,fortis,1991
17415,8.7,10.13,fortis,1991
17416,9.1,10.7,fortis,1991
17418,8.9,10.8,fortis,1991
17419,9.0,10.6,fortis,1991
17436,8.3,10.7,fortis,1991
17439,9.7,11.4,fortis,1991
17440,9.2,11.1,fortis,1991
17443,8.8,11.0,fortis,1991
17460,10.0,11.47,fortis,1991
17461,9.0,10.2,fortis,1991
17464,9.7,11.0,fortis,1991
17466,9.6,10.6,fortis,1991
17467,9.5,11.7,fortis,1991
17468,8.8,10.7,fortis,1991
17480,7.5,9.8,fortis,1991
17483,7.8,10.1,fortis,1991
17485,9.0,10.9,fortis,1991
17490,9.9,10.7,fortis,1991
17491,8.9,10.6,fortis,1991
17493,10.5,11.6,fortis,1991
17494,10.7,11.9,fortis,1991
17496,10.0,12.4,fortis,1991
17497,9.0,11.0,fortis,1991
17498,9.7,10.6,fortis,1991
17500,8.9,10.0,fortis,1991
17503,7.9,9.8,fortis,1991
17534,8.95,10.15,fortis,1991
17551,7.7,9.3,fortis,1991
17559,9.8,11.8,fortis,1991
17568,8.9,10.8,fortis,1991
17573,9.0,9.9,fortis,1991
17583,8.4,9.9,fortis,1991
17589,10.4,11.5,fortis,1991
17603,9.17,10.5,fortis,1991
17605,9.1,11.2,fortis,1991
17615,9.4,12.4,fortis,1991
17617,8.2,10.1,fortis,1991
17618,8.1,10.85,fortis,1991
17634,8.85,10.75,fortis,1991
17638,6.9,8.9,fortis,1991
17639,8.9,10.0,fortis,1991
17641,9.5,11.2,fortis,1991
17643,8.7,11.0,fortis,1991
17646,9.9,12.3,fortis,1991
17647,10.2,11.6,fortis,1991
17648,9.4,11.1,fortis,1991
17649,10.6,11.7,fortis,1991
17653,8.4,11.0,fortis,1991
17654,8.6,10.8,fortis,1991
17656,8.2,9.5,fortis,1991
17659,8.8,10.8,fortis,1991
17664,9.2,10.5,fortis,1991
17665,8.1,9.5,fortis,1991
17666,10.5,11.7,fortis,1991
17668,9.5,11.0,fortis,1991
17677,9.0,10.6,fortis,1991
17693,8.8,10.5,fortis,1991
17696,10.1,11.1,fortis,1991
17697,9.6,10.9,fortis,1991
17698,9.6,10.7,fortis,1991
17699,9.5,10.8,fortis,1991
17717,9.65,11.55,fortis,1991
17733,9.4,10.7,fortis,1991
17734,10.0,11.3,fortis,1991
17735,8.8,10.6,fortis,1991
17738,9.9,10.4,fortis,1991
17740,8.7,10.7,fortis,1991
17754,9.0,9.8,fortis,1991
17759,9.7,11.6,fortis,1991
17768,8.4,10.1,fortis,1991
17771,9.8,11.7,fortis,1991
17786,9.6,11.7,fortis,1991
17791,9.8,10.8,fortis,1991
17797,8.5,10.3,fortis,1991
17798,8.85,10.65,fortis,1991
17800,8.9,10.8,fortis,1991
17803,9.2,10.7,fortis,1991
17907,9.0,10.7,fortis,1991
17908,8.8,10.2,fortis,1991
17916,7.4,9.7,fortis,1991
17934,8.7,10.4,fortis,1991
17936,9.0,11.5,fortis,1991
17940,9.8,11.1,fortis,1991
17954,9.2,10.3,fortis,1991
17955,10.0,11.5,fortis,1991
17964,9.5,10.9,fortis,1991
17969,8.8,9.9,fortis,1991
17971,8.8,10.8,fortis,1991
17974,9.0,10.1,fortis,1991
17983,9.0,10.9,fortis,1991
17986,9.0,11.2,fortis,1991
17991,10.65,12.7,fortis,1991
17993,10.5,11.8,fortis,1991
17999,9.5,11.5,fortis,1991
2760,9.25,14.2,scandens,1991
3425,8.8,14.9,scandens,1991
4090,9.26,14.95,scandens,1991
4137,10.0,15.8,scandens,1991
4223,8.77,15.07,scandens,1991
4683,9.13,13.6,scandens,1991
4706,9.5,14.8,scandens,1991
4778,9.3,13.7,scandens,1991
5351,8.95,13.6,scandens,1991
5582,8.87,15.07,scandens,1991
5608,9.7,15.8,scandens,1991
5656,9.7,14.9,scandens,1991
10001,8.41,13.43,scandens,1991
10002,9.21,14.64,scandens,1991
10061,9.6,15.2,scandens,1991
10105,9.4,14.9,scandens,1991
10174,9.25,15.2,scandens,1991
10206,9.3,13.43,scandens,1991
10223,9.8,15.2,scandens,1991
10268,9.43,14.53,scandens,1991
10394,9.0,12.07,scandens,1991
10740,9.3,14.75,scandens,1991
13256,9.85,15.35,scandens,1991
13257,9.62,14.47,scandens,1991
13548,9.0,14.3,scandens,1991
14208,9.52,12.73,scandens,1991
14524,9.9,15.3,scandens,1991
14576,8.6,13.8,scandens,1991
14584,9.21,15.04,scandens,1991
14646,9.38,14.3,scandens,1991
14728,9.37,14.29,scandens,1991
14731,9.02,14.04,scandens,1991
14755,8.9,13.6,scandens,1991
14758,8.91,13.84,scandens,1991
14759,9.06,14.04,scandens,1991
14786,8.4,13.7,scandens,1991
14830,8.7,14.7,scandens,1991
14834,8.7,13.75,scandens,1991
14835,8.91,14.09,scandens,1991
14847,10.1,15.3,scandens,1991
14877,10.27,15.2,scandens,1991
14946,9.65,14.9,scandens,1991
14975,9.28,13.95,scandens,1991
14995,9.2,14.2,scandens,1991
15235,7.96,14.04,scandens,1991
15237,8.3,13.0,scandens,1991
15406,8.9,14.2,scandens,1991
15419,8.6,14.9,scandens,1991
15441,9.1,14.6,scandens,1991
15476,8.6,13.6,scandens,1991
15615,9.37,14.63,scandens,1991
15638,9.2,14.35,scandens,1991
15639,9.1,14.2,scandens,1991
15658,9.85,14.45,scandens,1991
15685,9.02,13.84,scandens,1991
15694,9.51,13.14,scandens,1991
15704,8.81,12.34,scandens,1991
15718,7.77,10.75,scandens,1991
15721,8.96,11.89,scandens,1991
15725,8.8,11.5,scandens,1991
15736,9.1,15.0,scandens,1991
15760,9.01,14.34,scandens,1991
15765,8.9,13.85,scandens,1991
15798,8.4,13.15,scandens,1991
15812,9.25,14.85,scandens,1991
15817,9.73,14.77,scandens,1991
15837,9.2,14.45,scandens,1991
15859,8.95,14.57,scandens,1991
15901,8.7,14.5,scandens,1991
15986,8.72,14.17,scandens,1991
16100,9.6,14.3,scandens,1991
16109,9.3,14.0,scandens,1991
16113,10.4,14.9,scandens,1991
16183,8.9,14.0,scandens,1991
16195,9.3,11.8,scandens,1991
16568,8.4,12.15,scandens,1991
16569,8.6,12.7,scandens,1991
16585,8.9,13.7,scandens,1991
16600,10.1,15.0,scandens,1991
16873,8.9,14.4,scandens,1991
17001,8.8,12.8,scandens,1991
17004,9.25,14.05,scandens,1991
17099,8.6,13.3,scandens,1991
17140,8.7,13.1,scandens,1991
17143,8.4,12.9,scandens,1991
17153,9.5,14.8,scandens,1991
17176,8.65,14.15,scandens,1991
17305,9.0,14.4,scandens,1991
17353,9.0,14.6,scandens,1991
17374,8.5,13.0,scandens,1991
17474,9.75,14.6,scandens,1991
17475,9.1,13.8,scandens,1991
17504,9.3,13.9,scandens,1991
17505,8.6,13.6,scandens,1991
17548,9.0,13.9,scandens,1991
17658,9.1,14.3,scandens,1991
17673,8.2,14.7,scandens,1991
17674,8.1,13.5,scandens,1991
17685,9.4,14.0,scandens,1991
17764,9.0,13.1,scandens,1991
17779,8.8,12.9,scandens,1991
17788,10.1,14.6,scandens,1991
17795,8.8,13.3,scandens,1991
17901,9.5,14.8,scandens,1991
17915,8.3,11.8,scandens,1991
17930,8.7,12.8,scandens,1991
17939,8.6,12.6,scandens,1991
17947,7.9,11.8,scandens,1991
17950,8.7,10.3,scandens,1991
17953,9.5,11.1,scandens,1991
17956,9.0,13.7,scandens,1991
17963,8.9,13.8,scandens,1991
19022,8.5,10.0,fortis,2012
19028,8.9,12.5,fortis,2012
19032,7.5,9.3,fortis,2012
19041,9.6,10.3,fortis,2012
19044,9.2,11.0,fortis,2012
19048,8.2,10.1,fortis,2012
19072,7.8,9.6,fortis,2012
19082,8.6,10.9,fortis,2012
19104,8.4,10.3,fortis,2012
19114,7.7,9.8,fortis,2012
19121,8.0,10.1,fortis,2012
19126,8.7,10.4,fortis,2012
19146,8.1,9.6,fortis,2012
19164,8.8,10.6,fortis,2012
19174,9.4,10.6,fortis,2012
19203,10.0,11.9,fortis,2012
19210,9.6,11.3,fortis,2012
19217,9.6,11.3,fortis,2012
19224,8.1,9.7,fortis,2012
19226,7.5,9.7,fortis,2012
19252,8.4,10.1,fortis,2012
19263,7.9,10.0,fortis,2012
19274,8.3,10.0,fortis,2012
19280,8.9,10.0,fortis,2012
19288,9.1,11.5,fortis,2012
19328,7.7,9.5,fortis,2012
19349,8.3,11.2,fortis,2012
19362,8.6,10.7,fortis,2012
19372,8.4,10.0,fortis,2012
19382,7.7,9.8,fortis,2012
19384,9.1,10.9,fortis,2012
19392,7.7,9.2,fortis,2012
19394,9.0,10.2,fortis,2012
19422,10.2,11.3,fortis,2012
19439,8.1,10.3,fortis,2012
19461,8.6,10.7,fortis,2012
19482,8.4,10.0,fortis,2012
19502,8.1,9.7,fortis,2012
19511,8.0,9.9,fortis,2012
19536,8.3,10.7,fortis,2012
19563,10.3,11.0,fortis,2012
19568,8.0,9.7,fortis,2012
19602,8.8,10.5,fortis,2012
19604,9.0,11.7,fortis,2012
19614,9.3,10.8,fortis,2012
19623,7.6,9.1,fortis,2012
19627,8.2,10.9,fortis,2012
19642,10.0,12.2,fortis,2012
19649,8.2,10.9,fortis,2012
19654,8.2,10.7,fortis,2012
19674,8.3,10.4,fortis,2012
19682,7.8,9.7,fortis,2012
19712,8.0,10.3,fortis,2012
19734,8.4,9.8,fortis,2012
19746,9.3,10.6,fortis,2012
19749,8.9,10.5,fortis,2012
19774,9.7,12.5,fortis,2012
19782,7.6,9.2,fortis,2012
19815,9.0,10.1,fortis,2012
19820,8.6,10.6,fortis,2012
19821,8.9,11.5,fortis,2012
19829,8.6,10.8,fortis,2012
19832,8.8,10.5,fortis,2012
19835,8.5,10.1,fortis,2012
19840,9.2,10.7,fortis,2012
19849,8.0,9.6,fortis,2012
19874,9.4,10.7,fortis,2012
19878,7.7,10.1,fortis,2012
19889,8.4,10.0,fortis,2012
19914,8.5,10.0,fortis,2012
19921,9.0,10.4,fortis,2012
19922,9.0,10.4,fortis,2012
19928,9.3,11.7,fortis,2012
19932,8.7,10.6,fortis,2012
19942,8.1,11.5,fortis,2012
19946,8.7,10.7,fortis,2012
19947,7.9,10.4,fortis,2012
19952,7.7,10.1,fortis,2012
19974,8.4,10.8,fortis,2012
19993,9.25,11.5,fortis,2012
19994,8.1,11.1,fortis,2012
21049,8.3,9.9,fortis,2012
21052,8.5,10.5,fortis,2012
21080,9.9,12.2,fortis,2012
21082,8.4,10.9,fortis,2012
21087,9.9,12.9,fortis,2012
21088,7.2,9.7,fortis,2012
21089,8.2,9.7,fortis,2012
21090,8.2,10.0,fortis,2012
21129,8.3,10.1,fortis,2012
21160,8.4,10.2,fortis,2012
21161,7.5,9.6,fortis,2012
21162,8.2,9.9,fortis,2012
21165,8.6,10.6,fortis,2012
21169,8.2,9.8,fortis,2012
21191,8.8,11.1,fortis,2012
21244,8.5,10.0,fortis,2012
21247,8.1,10.9,fortis,2012
21249,8.3,10.0,fortis,2012
21258,8.5,10.6,fortis,2012
21259,8.1,10.7,fortis,2012
21261,7.3,9.4,fortis,2012
21262,8.0,10.1,fortis,2012
21265,10.2,11.8,fortis,2012
21266,11.1,12.2,fortis,2012
21272,9.9,12.9,fortis,2012
21273,8.7,10.1,fortis,2012
21276,8.3,10.1,fortis,2012
21277,7.8,9.0,fortis,2012
21282,9.9,11.7,fortis,2012
21283,10.3,10.9,fortis,2012
21287,8.4,10.4,fortis,2012
21293,8.7,12.7,fortis,2012
21294,9.8,10.5,fortis,2012
21296,8.7,9.6,fortis,2012
21298,9.0,10.6,fortis,2012
21299,7.8,10.4,fortis,2012
21341,8.5,10.5,fortis,2012
21343,8.2,10.1,fortis,2012
21349,9.2,10.6,fortis,2012
22000,9.0,10.6,fortis,2012
19026,9.4,14.3,scandens,2012
19029,9.5,13.7,scandens,2012
19094,11.0,13.8,scandens,2012
19122,8.7,12.0,scandens,2012
19125,8.4,13.0,scandens,2012
19129,9.1,13.0,scandens,2012
19172,8.7,13.6,scandens,2012
19182,10.2,12.8,scandens,2012
19212,9.6,13.6,scandens,2012
19214,8.85,12.95,scandens,2012
19244,8.8,13.1,scandens,2012
19251,9.5,13.4,scandens,2012
19260,9.2,13.9,scandens,2012
19270,9.0,12.3,scandens,2012
19278,9.8,14.0,scandens,2012
19289,9.3,12.5,scandens,2012
19299,9.0,12.3,scandens,2012
19312,10.2,13.9,scandens,2012
19326,7.7,13.1,scandens,2012
19343,9.0,12.5,scandens,2012
19374,9.5,13.9,scandens,2012
19401,9.4,13.7,scandens,2012
19406,8.0,12.0,scandens,2012
19408,8.9,14.4,scandens,2012
19426,9.4,13.5,scandens,2012
19430,9.5,13.8,scandens,2012
19433,8.0,13.0,scandens,2012
19438,10.0,14.9,scandens,2012
19452,8.95,12.5,scandens,2012
19466,8.2,12.3,scandens,2012
19469,8.8,12.8,scandens,2012
19486,9.2,13.4,scandens,2012
19492,9.4,13.8,scandens,2012
19493,9.5,13.5,scandens,2012
19494,8.1,13.5,scandens,2012
19495,9.5,13.4,scandens,2012
19496,8.4,12.3,scandens,2012
19497,9.3,14.35,scandens,2012
19510,9.3,13.2,scandens,2012
19513,9.6,13.8,scandens,2012
19518,9.2,14.6,scandens,2012
19526,10.0,14.3,scandens,2012
19527,8.9,13.8,scandens,2012
19528,10.5,13.6,scandens,2012
19543,8.9,12.9,scandens,2012
19553,8.6,13.0,scandens,2012
19554,8.8,13.5,scandens,2012
19573,9.15,13.2,scandens,2012
19592,9.5,13.7,scandens,2012
19594,9.1,13.1,scandens,2012
19597,10.2,13.2,scandens,2012
19598,8.4,12.6,scandens,2012
19599,10.0,13.0,scandens,2012
19619,10.2,13.9,scandens,2012
19622,9.3,13.2,scandens,2012
19652,10.8,15.0,scandens,2012
19653,8.3,13.37,scandens,2012
19664,7.8,11.4,scandens,2012
19692,9.8,13.8,scandens,2012
19720,7.9,13.0,scandens,2012
19740,8.9,13.0,scandens,2012
19747,7.7,13.1,scandens,2012
19766,8.9,12.8,scandens,2012
19783,9.4,13.3,scandens,2012
19844,9.4,13.5,scandens,2012
19848,8.5,12.4,scandens,2012
19852,8.5,13.1,scandens,2012
19854,9.6,14.0,scandens,2012
19855,10.2,13.5,scandens,2012
19868,8.8,11.8,scandens,2012
19882,9.5,13.7,scandens,2012
19900,9.3,13.2,scandens,2012
19910,9.0,12.2,scandens,2012
19936,9.2,13.0,scandens,2012
19940,8.7,13.1,scandens,2012
19941,9.0,14.7,scandens,2012
19951,9.1,13.7,scandens,2012
19955,8.7,13.5,scandens,2012
19956,9.4,13.3,scandens,2012
21040,9.8,14.1,scandens,2012
21041,8.6,12.5,scandens,2012
21045,10.6,13.7,scandens,2012
21047,9.0,14.6,scandens,2012
21053,9.5,14.1,scandens,2012
21057,8.1,12.9,scandens,2012
21070,9.3,13.9,scandens,2012
21081,9.6,13.4,scandens,2012
21092,8.5,13.0,scandens,2012
21093,8.2,12.7,scandens,2012
21106,8.0,12.1,scandens,2012
21109,9.5,14.0,scandens,2012
21111,9.7,14.9,scandens,2012
21113,9.9,13.9,scandens,2012
21131,9.1,12.9,scandens,2012
21135,9.5,14.6,scandens,2012
21136,9.8,14.0,scandens,2012
21159,8.4,13.0,scandens,2012
21167,8.3,12.7,scandens,2012
21176,9.6,14.0,scandens,2012
21248,9.4,14.1,scandens,2012
21253,10.0,14.1,scandens,2012
21255,8.9,13.0,scandens,2012
21256,9.1,13.5,scandens,2012
21257,9.8,13.4,scandens,2012
21260,9.3,13.9,scandens,2012
21263,9.9,13.1,scandens,2012
21267,8.9,12.9,scandens,2012
21268,8.5,14.0,scandens,2012
21270,10.6,14.0,scandens,2012
21271,9.3,14.1,scandens,2012
21278,8.9,14.7,scandens,2012
21279,8.9,13.4,scandens,2012
21280,9.7,13.8,scandens,2012
21281,9.8,13.4,scandens,2012
21285,10.5,13.8,scandens,2012
21286,8.4,12.4,scandens,2012
21288,10.0,14.1,scandens,2012
21289,9.0,12.9,scandens,2012
21290,8.7,13.9,scandens,2012
21291,8.8,14.3,scandens,2012
21292,8.4,13.2,scandens,2012
21295,9.3,14.2,scandens,2012
21297,9.8,13.0,scandens,2012
21340,8.9,14.6,scandens,2012
21342,9.8,13.1,scandens,2012
21347,9.1,15.2,scandens,2012
